"Time","Symbol","Side","Type","Size","Price","Trade Value","Fee","Realized PnL"
"2025-11-15 13:35:31","MON","Close Long","Fulfill Maker","894 MON","0.04559","$40.76","$0.01","-$1.3"
"2025-11-15 13:35:25","MON","Close Long","Fulfill Maker","1 MON","0.04559","$0.05","$0","-$0"
"2025-11-15 13:35:05","MON","Close Long","Fulfill Maker","1 MON","0.04559","$0.05","$0","-$0"
"2025-11-15 13:35:01","MON","Close Long","Fulfill Maker","1967 MON","0.04559","$89.68","$0.01","-$2.87"
"2025-11-15 13:34:44","MON","Close Long","Fulfill Maker","1 MON","0.04559","$0.05","$0","-$0"
"2025-11-15 13:34:04","MON","Close Long","Fulfill Maker","1 MON","0.04559","$0.05","$0","-$0"
"2025-11-15 13:04:44","ZEC","Close Long","Fulfill Taker","0.3 ZEC","661.53","$198.46","$0.08","-$10.83"
"2025-11-15 12:14:36","MON","Open Long","Fulfill Taker","2865 MON","0.04704","$134.77","$0.05","-$0.05"
"2025-11-15 12:14:18","MON","Close Long","Fulfill Maker","2700 MON","0.04649","$125.52","$0.02","+$3.22"
"2025-11-15 11:35:06","MON","Open Long","Fulfill Taker","2700 MON","0.04529","$122.28","$0.05","-$0.05"
"2025-11-15 11:25:44","LTC","Close Long","Fulfill Taker","1 LTC","104.71","$104.71","$0.04","-$1.88"
"2025-11-15 11:19:53","ZEC","Open Long","Fulfill Taker","0.3 ZEC","697.37","$209.21","$0.08","-$0.08"
"2025-11-15 11:15:50","ZEC","Close Short","Fulfill Taker","0.32 ZEC","692.7","$221.66","$0.09","-$8.87"
"2025-11-15 10:25:16","VIRTUAL","Close Short","Fulfill Taker","178.8 VIRTUAL","1.1548","$206.48","$0.08","-$4.45"
"2025-11-15 10:20:12","PUMP","Close Short","Fulfill Taker","58006 PUMP","0.003587","$208.07","$0.08","-$4.26"
"2025-11-15 09:59:56","LTC","Open Long","Fulfill Taker","1 LTC","106.55","$106.55","$0.04","-$0.04"
"2025-11-15 09:35:40","XPL","Close Short","Fulfill Taker","917 XPL","0.2353","$215.77","$0.09","-$5.4"
"2025-11-15 08:04:32","XPL","Open Short","Fulfill Taker","917 XPL","0.2295","$210.45","$0.08","-$0.08"
"2025-11-15 07:35:07","PUMP","Open Short","Fulfill Taker","58006 PUMP","0.003515","$203.89","$0.08","-$0.08"
"2025-11-15 07:00:41","UNI","Close Long","Fulfill Taker","18.9 UNI","7.266","$137.33","$0.05","-$1.27"
"2025-11-15 07:00:41","UNI","Close Long","Fulfill Taker","8.1 UNI","7.267","$58.86","$0.02","-$0.53"
"2025-11-15 06:15:07","ASTER","Close Short","Fulfill Taker","194.4 ASTER","1.13459","$220.56","$0.09","-$0.36"
"2025-11-15 05:53:46","VIRTUAL","Open Short","Fulfill Taker","178.8 VIRTUAL","1.1304","$202.12","$0.08","-$0.08"
"2025-11-15 05:49:40","ZEC","Open Short","Fulfill Taker","0.32 ZEC","665.26","$212.88","$0.09","-$0.09"
"2025-11-15 05:32:32","CRV","Close Long","Fulfill Taker","0.1 CRV","0.441","$0.04","$0","-$0"
"2025-11-15 05:24:19","PENGU","Close Long","Fulfill Taker","15646 PENGU","0.013181","$206.23","$0.08","-$2.87"
"2025-11-15 05:15:12","ZEC","Close Long","Fulfill Taker","0.37 ZEC","685.31","$253.56","$0.1","-$8.49"
"2025-11-15 05:12:06","ASTER","Open Short","Fulfill Taker","194.4 ASTER","1.13319","$220.29","$0.09","-$0.09"
"2025-11-15 05:06:01","FARTCOIN","Close Long","Fulfill Taker","887.1 FARTCOIN","0.2474","$219.47","$0.09","-$4.26"
"2025-11-15 04:35:35","LTC","Close Long","Fulfill Taker","1 LTC","103.54","$103.54","$0.04","+$0.57"
"2025-11-15 04:30:30","PUMP","Close Long","Fulfill Taker","56508 PUMP","0.003631","$205.18","$0.08","-$0.08"
"2025-11-15 04:02:09","2Z","Close Long","Fulfill Taker","829 2Z","0.1545","$128.08","$0.05","-$2.7"
"2025-11-15 02:45:16","ASTER","Close Long","Fulfill Maker","0.06 ASTER","1.1278","$0.07","$0","-$0"
"2025-11-15 02:37:08","CRV","Close Long","Fulfill Taker","474.8 CRV","0.4432","$210.43","$0.08","-$3.5"
"2025-11-15 01:25:20","ASTER","Close Long","Fulfill Maker","0.04 ASTER","1.1278","$0.05","$0","-$0"
"2025-11-15 01:25:15","ASTER","Close Long","Fulfill Taker","175.5 ASTER","1.12662","$197.72","$0.08","-$5.5"
"2025-11-15 00:50:39","2Z","Open Long","Fulfill Taker","829 2Z","0.1577","$130.73","$0.05","-$0.05"
"2025-11-15 00:49:36","CRV","Open Long","Fulfill Taker","474.9 CRV","0.4504","$213.89","$0.09","-$0.09"
"2025-11-15 00:49:33","PENGU","Open Long","Fulfill Taker","15646 PENGU","0.013359","$209.01","$0.08","-$0.08"
"2025-11-15 00:49:30","FARTCOIN","Open Long","Fulfill Taker","887.1 FARTCOIN","0.2521","$223.64","$0.09","-$0.09"
"2025-11-15 00:49:27","PUMP","Open Long","Fulfill Taker","56508 PUMP","0.003631","$205.18","$0.08","-$0.08"
"2025-11-15 00:49:25","ZEC","Open Long","Fulfill Taker","0.37 ZEC","707.99","$261.96","$0.1","-$0.1"
"2025-11-15 00:45:06","ZEC","Close Long","Fulfill Maker","0.4 ZEC","711.89","$284.76","$0.04","+$26.25"
"2025-11-15 00:39:15","ASTER","Open Long","Fulfill Taker","132.38 ASTER","1.15772","$153.26","$0.06","-$0.06"
"2025-11-15 00:39:15","ASTER","Open Long","Fulfill Taker","43.22 ASTER","1.15695","$50","$0.02","-$0.02"
"2025-11-14 23:59:46","UNI","Open Long","Fulfill Taker","19.1 UNI","7.331","$140.02","$0.06","-$0.06"
"2025-11-14 23:59:46","UNI","Open Long","Fulfill Taker","7.9 UNI","7.328","$57.89","$0.02","-$0.02"
"2025-11-14 23:26:11","LTC","Open Long","Fulfill Taker","1 LTC","102.93","$102.93","$0.04","-$0.04"
"2025-11-14 22:34:04","ZEC","Open Long","Fulfill Taker","0.4 ZEC","646.16","$258.46","$0.1","-$0.1"
"2025-11-14 13:33:34","VIRTUAL","Close Long","Fulfill Taker","168.8 VIRTUAL","1.2305","$207.71","$0.08","-$0.67"
"2025-11-14 13:33:34","ASTER","Close Long","Fulfill Taker","215.4 ASTER","1.1114","$239.4","$0.1","-$0.1"
"2025-11-14 13:33:34","ZEC","Close Long","Fulfill Taker","0.26 ZEC","566.14","$147.2","$0.06","-$0.01"
"2025-11-14 13:33:34","ZEC","Close Long","Fulfill Taker","0.17 ZEC","566.18","$96.25","$0.04","+$0"
"2025-11-14 13:33:17","VIRTUAL","Open Long","Fulfill Taker","168.8 VIRTUAL","1.234","$208.3","$0.08","-$0.08"
"2025-11-14 13:33:14","ASTER","Open Long","Fulfill Taker","215.4 ASTER","1.1114","$239.4","$0.1","-$0.1"
"2025-11-14 13:33:12","ZEC","Open Long","Fulfill Taker","0.43 ZEC","565.94","$243.35","$0.1","-$0.1"
"2025-11-14 13:32:48","PUMP","Close Short","Fulfill Taker","58128 PUMP","0.003612","$209.96","$0.08","-$6.36"
"2025-11-14 13:32:48","ZEC","Close Long","Fulfill Taker","0.43 ZEC","567.1","$243.85","$0.1","-$10.23"
"2025-11-14 13:32:48","AAVE","Close Short","Fulfill Taker","1.14 AAVE","181.18","$206.55","$0.08","-$2.48"
"2025-11-14 13:32:47","ASTER","Close Long","Fulfill Taker","195.3 ASTER","1.10872","$216.53","$0.09","+$4.25"
"2025-11-14 13:32:47","2Z","Close Short","Fulfill Taker","804 2Z","0.1577","$126.79","$0.05","-$0.94"
"2025-11-14 13:32:47","VIRTUAL","Close Long","Fulfill Taker","166.8 VIRTUAL","1.2283","$204.88","$0.08","-$0.05"
"2025-11-14 13:11:02","UNI","Close Short","Fulfill Taker","29 UNI","7.279","$211.09","$0.08","-$2.75"
"2025-11-14 12:55:52","VIRTUAL","Open Long","Fulfill Taker","166.8 VIRTUAL","1.2281","$204.85","$0.08","-$0.08"
"2025-11-14 12:52:49","ZEC","Open Long","Fulfill Taker","0.43 ZEC","590.66","$253.98","$0.1","-$0.1"
"2025-11-14 12:51:55","ZEC","Close Long","Fulfill Taker","0.46 ZEC","587.44","$270.22","$0.11","+$22.14"
"2025-11-14 12:47:55","AVAX","Close Short","Fulfill Taker","13.4 AVAX","15.612","$209.2","$0.08","-$3.45"
"2025-11-14 12:47:01","FARTCOIN","Close Short","Fulfill Maker","643.7 FARTCOIN","0.256","$164.79","$0.02","-$4.59"
"2025-11-14 12:47:01","FARTCOIN","Close Short","Fulfill Taker","198.6 FARTCOIN","0.256","$50.84","$0.02","-$1.43"
"2025-11-14 12:28:26","2Z","Open Short","Fulfill Taker","804 2Z","0.1566","$125.91","$0.05","-$0.05"
"2025-11-14 11:44:31","CRV","Close Short","Fulfill Taker","470.1 CRV","0.4436","$208.54","$0.08","-$4.83"
"2025-11-14 11:44:29","XPL","Close Short","Fulfill Maker","921 XPL","0.2344","$215.88","$0.03","-$4.91"
"2025-11-14 11:44:26","SUI","Close Short","Fulfill Maker","116.3 SUI","1.8","$209.34","$0.03","-$4.46"
"2025-11-14 11:43:20","TAO","Close Short","Fulfill Maker","0.65 TAO","328.35","$213.43","$0.03","-$4.06"
"2025-11-14 11:37:16","SOL","Close Short","Fulfill Taker","1.49 SOL","140.96","$210.03","$0.08","-$6.6"
"2025-11-14 11:25:45","ASTER","Open Long","Fulfill Taker","195.3 ASTER","1.08654","$212.2","$0.08","-$0.08"
"2025-11-14 11:03:34","VIRTUAL","Close Short","Fulfill Maker","175 VIRTUAL","1.2055","$210.96","$0.03","-$5.47"
"2025-11-14 10:55:26","PUMP","Open Short","Fulfill Taker","58128 PUMP","0.003504","$203.68","$0.08","-$0.08"
"2025-11-14 10:52:21","MON","Close Short","Fulfill Maker","2794 MON","0.04409","$123.19","$0.02","-$2.2"
"2025-11-14 10:52:09","MON","Close Short","Fulfill Maker","1 MON","0.04409","$0.04","$0","-$0"
"2025-11-14 10:51:21","MON","Close Short","Fulfill Maker","1 MON","0.04409","$0.04","$0","-$0"
"2025-11-14 10:50:18","ZEC","Open Long","Fulfill Taker","0.46 ZEC","539.08","$247.98","$0.1","-$0.1"
"2025-11-14 10:49:17","ZEC","Close Long","Fulfill Taker","0.39 ZEC","537.29","$209.54","$0.08","-$12.77"
"2025-11-14 10:40:10","SOL","Open Short","Fulfill Taker","1.49 SOL","136.59","$203.52","$0.08","-$0.08"
"2025-11-14 10:02:58","SOL","Close Short","Fulfill Taker","1.49 SOL","139.5","$207.86","$0.08","-$4.97"
"2025-11-14 10:02:48","ZEC","Open Long","Fulfill Taker","0.39 ZEC","569.83","$222.23","$0.09","-$0.09"
"2025-11-14 10:02:28","ZEC","Close Long","Fulfill Taker","0.4 ZEC","563.46","$225.38","$0.09","+$18.03"
"2025-11-14 09:54:28","PUMP","Close Short","Fulfill Maker","59116 PUMP","0.00357","$211.04","$0.03","-$6.3"
"2025-11-14 09:49:26","LDO","Close Short","Fulfill Maker","278.4 LDO","0.7487","$208.44","$0.03","-$4.37"
"2025-11-14 09:41:32","LDO","Open Short","Fulfill Taker","278.4 LDO","0.7331","$204.1","$0.08","-$0.08"
"2025-11-14 09:39:27","PUMP","Open Short","Fulfill Taker","54116 PUMP","0.003464","$187.46","$0.07","-$0.07"
"2025-11-14 09:39:27","PUMP","Open Short","Fulfill Taker","5000 PUMP","0.003464","$17.32","$0.01","-$0.01"
"2025-11-14 09:39:24","SOL","Open Short","Fulfill Taker","1.49 SOL","136.22","$202.97","$0.08","-$0.08"
"2025-11-14 09:24:12","FARTCOIN","Open Short","Fulfill Taker","842.3 FARTCOIN","0.2489","$209.65","$0.08","-$0.08"
"2025-11-14 09:24:10","SUI","Open Short","Fulfill Taker","59.6 SUI","1.7616","$104.99","$0.04","-$0.04"
"2025-11-14 09:24:10","SUI","Open Short","Fulfill Taker","56.7 SUI","1.7622","$99.92","$0.04","-$0.04"
"2025-11-14 09:08:59","UNI","Open Short","Fulfill Taker","29 UNI","7.187","$208.42","$0.08","-$0.08"
"2025-11-14 09:07:59","UNI","Close Short","Fulfill Taker","19.1 UNI","7.164","$136.83","$0.05","+$6.19"
"2025-11-14 09:07:59","UNI","Close Short","Fulfill Taker","7.9 UNI","7.163","$56.59","$0.02","+$2.57"
"2025-11-14 08:53:49","MON","Open Short","Fulfill Taker","2796 MON","0.04331","$121.09","$0.05","-$0.05"
"2025-11-14 08:53:46","AAVE","Open Short","Fulfill Taker","1.05 AAVE","179.08","$188.03","$0.08","-$0.08"
"2025-11-14 08:53:46","AAVE","Open Short","Fulfill Taker","0.09 AAVE","179.09","$16.12","$0.01","-$0.01"
"2025-11-14 08:41:40","2Z","Close Long","Fulfill Taker","863 2Z","0.1571","$135.58","$0.05","-$5.23"
"2025-11-14 08:39:36","CRV","Open Short","Fulfill Taker","470.1 CRV","0.4335","$203.79","$0.08","-$0.08"
"2025-11-14 08:39:34","AVAX","Open Short","Fulfill Taker","13.4 AVAX","15.361","$205.84","$0.08","-$0.08"
"2025-11-14 08:39:31","XPL","Open Short","Fulfill Taker","921 XPL","0.2291","$211","$0.08","-$0.08"
"2025-11-14 08:39:29","TAO","Open Short","Fulfill Taker","0.65 TAO","322.16","$209.4","$0.08","-$0.08"
"2025-11-14 08:39:26","VIRTUAL","Open Short","Fulfill Taker","43.6 VIRTUAL","1.1744","$51.2","$0.02","-$0.02"
"2025-11-14 08:39:26","VIRTUAL","Open Short","Fulfill Taker","131.4 VIRTUAL","1.1744","$154.32","$0.06","-$0.06"
"2025-11-14 08:35:24","ASTER","Close Long","Fulfill Taker","201.8 ASTER","1.01638","$205.11","$0.08","-$5.62"
"2025-11-14 08:14:11","CRV","Close Long","Fulfill Taker","477.1 CRV","0.4352","$207.63","$0.08","-$5.86"
"2025-11-14 08:09:08","FARTCOIN","Close Long","Fulfill Taker","829.9 FARTCOIN","0.2519","$209.05","$0.08","-$6.22"
"2025-11-14 07:53:58","HYPE","Close Short","Fulfill Taker","5.5 HYPE","37.454","$206","$0.08","+$0.87"
"2025-11-14 06:32:37","AAVE","Close Short","Fulfill Taker","0.77 AAVE","183.2","$141.06","$0.06","+$5.65"
"2025-11-14 06:32:37","AAVE","Close Short","Fulfill Taker","0.23 AAVE","183.18","$42.13","$0.02","+$1.69"
"2025-11-14 06:32:37","AAVE","Close Short","Fulfill Taker","0.12 AAVE","183.16","$21.98","$0.01","+$0.89"
"2025-11-14 06:22:59","CRV","Open Long","Fulfill Taker","477.1 CRV","0.4473","$213.41","$0.09","-$0.09"
"2025-11-14 06:22:57","FARTCOIN","Open Long","Fulfill Taker","829.9 FARTCOIN","0.2593","$215.19","$0.09","-$0.09"
"2025-11-14 06:14:49","2Z","Open Long","Fulfill Taker","863 2Z","0.1631","$140.76","$0.06","-$0.06"
"2025-11-14 06:05:46","2Z","Close Long","Fulfill Maker","903 2Z","0.1632","$147.37","$0.02","+$8.47"
"2025-11-14 05:52:32","ZEC","Open Long","Fulfill Taker","0.4 ZEC","518.17","$207.27","$0.08","-$0.08"
"2025-11-14 05:37:25","ZEC","Close Short","Fulfill Taker","0.4 ZEC","515.9","$206.36","$0.08","-$2.58"
"2025-11-14 04:06:43","CRV","Close Short","Fulfill Taker","460.8 CRV","0.4488","$206.81","$0.08","-$3.49"
"2025-11-14 04:06:41","ASTER","Open Long","Fulfill Taker","201.8 ASTER","1.04382","$210.64","$0.08","-$0.08"
"2025-11-14 04:01:36","HYPE","Open Short","Fulfill Taker","5.5 HYPE","37.628","$206.95","$0.08","-$0.08"
"2025-11-14 04:01:10","HYPE","Close Short","Fulfill Taker","5.6 HYPE","37.474","$209.85","$0.08","-$4.98"
"2025-11-14 03:59:35","PENGU","Close Short","Fulfill Taker","16265 PENGU","0.013445","$218.68","$0.09","-$6.66"
"2025-11-14 03:58:40","PENGU","Close Short","Fulfill Maker","16244 PENGU","0.0134","$217.67","$0.03","-$5.86"
"2025-11-14 03:58:10","XPL","Close Short","Fulfill Maker","931 XPL","0.2409","$224.28","$0.03","-$5.9"
"2025-11-14 03:57:58","XPL","Close Short","Fulfill Taker","932 XPL","0.2408","$224.43","$0.09","-$5.87"
"2025-11-14 03:57:37","SUI","Close Short","Fulfill Taker","117.9 SUI","1.839","$216.82","$0.09","-$5.48"
"2025-11-14 03:57:34","FARTCOIN","Close Short","Fulfill Taker","909.1 FARTCOIN","0.2589","$235.37","$0.09","-$8.55"
"2025-11-14 03:57:28","SUI","Close Short","Fulfill Taker","118 SUI","1.839","$217","$0.09","-$5.49"
"2025-11-14 03:56:31","FARTCOIN","Close Short","Fulfill Taker","911.4 FARTCOIN","0.258","$235.14","$0.09","-$7.75"
"2025-11-14 03:51:28","HYPE","Open Short","Fulfill Taker","5.6 HYPE","36.599","$204.95","$0.08","-$0.08"
"2025-11-14 02:32:39","2Z","Open Long","Fulfill Taker","903 2Z","0.1538","$138.88","$0.06","-$0.06"
"2025-11-14 02:20:30","ASTER","Close Short","Fulfill Taker","413.6 ASTER","1.03882","$429.66","$0.17","-$8.12"
"2025-11-14 01:53:42","PENGU","Open Short","Fulfill Taker","16265 PENGU","0.013053","$212.31","$0.08","-$0.08"
"2025-11-14 01:53:39","XPL","Open Short","Fulfill Taker","931 XPL","0.2349","$218.69","$0.09","-$0.09"
"2025-11-14 01:53:38","FARTCOIN","Open Short","Fulfill Taker","911.4 FARTCOIN","0.2499","$227.76","$0.09","-$0.09"
"2025-11-14 01:53:36","SUI","Open Short","Fulfill Taker","117.9 SUI","1.7945","$211.57","$0.08","-$0.08"
"2025-11-14 01:53:34","ASTER","Open Short","Fulfill Taker","207 ASTER","1.02205","$211.56","$0.08","-$0.08"
"2025-11-14 01:52:47","PENGU","Open Short","Fulfill Taker","16244 PENGU","0.013029","$211.64","$0.08","-$0.08"
"2025-11-14 01:52:45","XPL","Open Short","Fulfill Taker","932 XPL","0.2343","$218.37","$0.09","-$0.09"
"2025-11-14 01:52:42","FARTCOIN","Open Short","Fulfill Taker","909.1 FARTCOIN","0.2493","$226.64","$0.09","-$0.09"
"2025-11-14 01:52:40","SUI","Open Short","Fulfill Taker","118 SUI","1.792","$211.46","$0.08","-$0.08"
"2025-11-14 01:52:37","ASTER","Open Short","Fulfill Taker","206.6 ASTER","1.01716","$210.15","$0.08","-$0.08"
"2025-11-14 01:39:35","FARTCOIN","Close Short","Fulfill Maker","114 FARTCOIN","0.2478","$28.25","$0","+$1.17"
"2025-11-14 01:39:20","FARTCOIN","Close Short","Fulfill Maker","672 FARTCOIN","0.2478","$166.52","$0.02","+$6.9"
"2025-11-14 01:31:06","ENA","Close Long","Fulfill Taker","698 ENA","0.29065","$202.87","$0.08","-$5.19"
"2025-11-14 01:30:42","ENA","Close Long","Fulfill Maker","1 ENA","0.2907","$0.29","$0","-$0.01"
"2025-11-14 01:20:54","UNI","Open Short","Fulfill Taker","27 UNI","7.491","$202.26","$0.08","-$0.08"
"2025-11-14 01:20:52","FARTCOIN","Open Short","Fulfill Taker","786 FARTCOIN","0.2581","$202.87","$0.08","-$0.08"
"2025-11-14 01:20:49","AAVE","Open Short","Fulfill Taker","1.12 AAVE","190.61","$213.48","$0.09","-$0.09"
"2025-11-14 00:50:19","CRV","Open Short","Fulfill Taker","460.8 CRV","0.4414","$203.4","$0.08","-$0.08"
"2025-11-14 00:50:17","ZEC","Open Short","Fulfill Taker","0.4 ZEC","509.65","$203.86","$0.08","-$0.08"
"2025-11-13 23:42:33","ENA","Open Long","Fulfill Taker","699 ENA","0.29797","$208.28","$0.08","-$0.08"
"2025-11-13 19:48:05","PUMP","Close Short","Fulfill Taker","55577 PUMP","0.003641","$202.36","$0.08","+$4.59"
"2025-11-13 19:32:59","VIRTUAL","Close Short","Fulfill Taker","162.9 VIRTUAL","1.2296","$200.3","$0.08","+$2.8"
"2025-11-13 18:32:38","ASTER","Close Short","Fulfill Taker","203.9 ASTER","1.06981","$218.13","$0.09","-$2.93"
"2025-11-13 16:15:53","LDO","Close Short","Fulfill Taker","256.8 LDO","0.7554","$193.99","$0.08","+$10.48"
"2025-11-13 15:33:32","LINK","Close Short","Fulfill Taker","13.4 LINK","14.491","$194.18","$0.08","+$9.36"
"2025-11-13 13:45:38","LDO","Open Short","Fulfill Taker","256.8 LDO","0.7965","$204.54","$0.08","-$0.08"
"2025-11-13 13:30:28","LINK","Open Short","Fulfill Taker","13.4 LINK","15.195","$203.61","$0.08","-$0.08"
"2025-11-13 13:30:25","VIRTUAL","Open Short","Fulfill Taker","162.9 VIRTUAL","1.2473","$203.19","$0.08","-$0.08"
"2025-11-13 13:30:23","PUMP","Open Short","Fulfill Taker","55577 PUMP","0.003725","$207.02","$0.08","-$0.08"
"2025-11-13 13:18:15","ASTER","Open Short","Fulfill Taker","203.9 ASTER","1.05586","$215.29","$0.09","-$0.09"
"2025-11-13 13:17:29","ASTER","Close Short","Fulfill Taker","0.1 ASTER","1.05914","$0.11","$0","+$0.01"
"2025-11-13 11:45:40","MON","Close Short","Fulfill Taker","2778 MON","0.04649","$129.15","$0.05","+$4.28"
"2025-11-13 11:37:26","CRV","Close Long","Fulfill Taker","0.1 CRV","0.4628","$0.05","$0","-$0"
"2025-11-13 10:36:05","AVAX","Close Long","Fulfill Taker","0.1 AVAX","17.179","$1.72","$0","-$0.04"
"2025-11-13 10:35:14","VIRTUAL","Close Long","Fulfill Maker","0.1 VIRTUAL","1.2761","$0.13","$0","-$0"
"2025-11-13 10:27:10","AAVE","Close Long","Fulfill Taker","0.85 AAVE","212.2","$180.37","$0.07","-$2.61"
"2025-11-13 10:27:10","AAVE","Close Long","Fulfill Taker","0.1 AAVE","212.21","$21.22","$0.01","-$0.31"
"2025-11-13 09:58:44","SUI","Close Short","Fulfill Taker","0.1 SUI","2.0413","$0.2","$0","-$0"
"2025-11-13 08:58:45","ZEC","Close Short","Fulfill Maker","0.42 ZEC","508.89","$213.73","$0.03","-$8.31"
"2025-11-13 08:58:30","XPL","Close Long","Fulfill Taker","761 XPL","0.2618","$199.23","$0.08","-$3.81"
"2025-11-13 07:58:03","VIRTUAL","Close Long","Fulfill Taker","155.1 VIRTUAL","1.2959","$200.99","$0.08","-$3"
"2025-11-13 07:42:56","LDO","Close Long","Fulfill Taker","248.6 LDO","0.8284","$205.94","$0.08","-$0.08"
"2025-11-13 07:42:56","ENA","Close Long","Fulfill Taker","644 ENA","0.31645","$203.79","$0.08","-$1.06"
"2025-11-13 06:12:14","ZEC","Open Short","Fulfill Taker","0.42 ZEC","489.18","$205.46","$0.08","-$0.08"
"2025-11-13 06:09:09","CRV","Close Long","Fulfill Taker","430.3 CRV","0.4646","$199.92","$0.08","-$4.08"
"2025-11-13 06:09:08","LINK","Close Long","Fulfill Taker","13 LINK","15.706","$204.18","$0.08","-$3.53"
"2025-11-13 06:09:08","AVAX","Close Long","Fulfill Taker","11.5 AVAX","17.29","$198.84","$0.08","-$3.41"
"2025-11-13 05:57:59","XPL","Open Long","Fulfill Taker","761 XPL","0.2667","$202.96","$0.08","-$0.08"
"2025-11-13 05:53:54","MON","Open Short","Fulfill Taker","2778 MON","0.04805","$133.48","$0.05","-$0.05"
"2025-11-13 05:53:08","MON","Close Short","Fulfill Taker","2467 MON","0.04824","$119.01","$0.05","+$4.02"
"2025-11-13 05:12:32","UNI","Close Long","Fulfill Taker","27 UNI","7.987","$215.65","$0.09","+$2.26"
"2025-11-13 04:27:00","MON","Open Short","Fulfill Taker","2467 MON","0.04989","$123.08","$0.05","-$0.05"
"2025-11-13 04:11:46","AAVE","Open Long","Fulfill Taker","0.95 AAVE","215.19","$204.43","$0.08","-$0.08"
"2025-11-13 03:12:04","CRV","Open Long","Fulfill Taker","409 CRV","0.4739","$193.83","$0.08","-$0.08"
"2025-11-13 03:12:04","CRV","Open Long","Fulfill Taker","21.4 CRV","0.4739","$10.14","$0","-$0"
"2025-11-13 03:12:01","LINK","Open Long","Fulfill Taker","13 LINK","15.971","$207.62","$0.08","-$0.08"
"2025-11-13 02:50:52","SOL","Close Short","Fulfill Taker","1.35 SOL","156.16","$210.82","$0.08","-$4.03"
"2025-11-13 02:49:26","HYPE","Close Short","Fulfill Taker","0.1 HYPE","39.255","$3.93","$0","-$0.1"
"2025-11-13 02:29:35","LINK","Close Short","Fulfill Taker","0.1 LINK","15.752","$1.58","$0","-$0.04"
"2025-11-13 01:41:18","ZEC","Close Short","Fulfill Taker","0.44 ZEC","514.79","$226.51","$0.09","-$5.55"
"2025-11-13 01:26:08","LDO","Open Long","Fulfill Taker","248.6 LDO","0.8284","$205.94","$0.08","-$0.08"
"2025-11-13 01:26:05","AVAX","Open Long","Fulfill Taker","11.6 AVAX","17.58","$203.93","$0.08","-$0.08"
"2025-11-13 00:55:49","SUI","Close Short","Fulfill Taker","101.5 SUI","2.0137","$204.39","$0.08","-$1.8"
"2025-11-13 00:55:47","VIRTUAL","Open Long","Fulfill Taker","155.2 VIRTUAL","1.3147","$204.04","$0.08","-$0.08"
"2025-11-13 00:55:44","ENA","Open Long","Fulfill Taker","644 ENA","0.31797","$204.77","$0.08","-$0.08"
"2025-11-13 00:40:37","LINK","Close Short","Fulfill Taker","13.1 LINK","15.527","$203.4","$0.08","-$2.12"
"2025-11-13 00:16:33","2Z","Close Short","Fulfill Taker","722 2Z","0.1646","$118.84","$0.05","+$3.42"
"2025-11-12 23:55:16","UNI","Open Long","Fulfill Taker","27 UNI","7.9","$213.3","$0.09","-$0.09"
"2025-11-12 23:55:16","AAVE","Close Short","Fulfill Taker","0.98 AAVE","207.81","$203.65","$0.08","+$1.74"
"2025-11-12 23:09:55","ZEC","Open Short","Fulfill Taker","0.44 ZEC","502.39","$221.05","$0.09","-$0.09"
"2025-11-12 22:39:43","UNI","Close Short","Fulfill Taker","32 UNI","7.808","$249.86","$0.1","+$0.09"
"2025-11-12 22:24:36","ZEC","Close Long","Fulfill Taker","0.5 ZEC","526.53","$263.27","$0.11","+$0.71"
"2025-11-12 22:11:31","AVAX","Close Short","Fulfill Taker","12.5 AVAX","16.989","$212.36","$0.08","-$2.76"
"2025-11-12 22:11:30","PUMP","Close Short","Fulfill Taker","52247 PUMP","0.004023","$210.19","$0.08","-$5.41"
"2025-11-12 22:09:29","CRV","Close Short","Fulfill Taker","516.1 CRV","0.4557","$235.19","$0.09","-$3.76"
"2025-11-12 21:09:59","LDO","Close Short","Fulfill Taker","283.6 LDO","0.7991","$226.62","$0.09","-$2.5"
"2025-11-12 20:54:52","DOGE","Close Short","Fulfill Taker","1225 DOGE","0.17006","$208.32","$0.08","-$0.9"
"2025-11-12 20:29:39","XPL","Close Long","Fulfill Taker","796 XPL","0.259","$206.16","$0.08","-$5.73"
"2025-11-12 20:28:36","PUMP","Open Short","Fulfill Taker","52247 PUMP","0.003921","$204.86","$0.08","-$0.08"
"2025-11-12 20:27:35","PUMP","Close Short","Fulfill Taker","52485 PUMP","0.003928","$206.16","$0.08","+$10.57"
"2025-11-12 18:53:55","PENGU","Close Short","Fulfill Taker","14094 PENGU","0.014497","$204.32","$0.08","+$1.62"
"2025-11-12 18:38:38","ASTER","Close Short","Fulfill Taker","178.6 ASTER","1.13476","$202.67","$0.08","+$1.25"
"2025-11-12 17:53:15","XPL","Open Long","Fulfill Taker","796 XPL","0.2661","$211.82","$0.08","-$0.08"
"2025-11-12 17:53:15","HYPE","Close Short","Fulfill Taker","4.49 HYPE","38.59","$173.27","$0.07","-$1.61"
"2025-11-12 17:53:15","HYPE","Close Short","Fulfill Taker","1.21 HYPE","38.583","$46.69","$0.02","-$0.43"
"2025-11-12 17:39:06","ZEC","Open Long","Fulfill Taker","0.5 ZEC","524.89","$262.45","$0.1","-$0.1"
"2025-11-12 17:38:06","MON","Close Short","Fulfill Taker","2419 MON","0.05234","$126.61","$0.05","-$1.33"
"2025-11-12 17:33:54","XPL","Close Short","Fulfill Maker","799 XPL","0.268","$214.13","$0.03","-$5.94"
"2025-11-12 17:33:17","LTC","Close Short","Fulfill Taker","2 LTC","98.48","$196.96","$0.08","-$6.02"
"2025-11-12 17:22:46","FARTCOIN","Close Short","Fulfill Taker","942.2 FARTCOIN","0.2824","$266.08","$0.11","-$10.66"
"2025-11-12 17:03:05","TAO","Close Short","Fulfill Taker","0.56 TAO","343.78","$192.52","$0.08","+$8.84"
"2025-11-12 16:32:19","FARTCOIN","Open Short","Fulfill Taker","942.2 FARTCOIN","0.2712","$255.52","$0.1","-$0.1"
"2025-11-12 16:08:33","CRV","Open Short","Fulfill Taker","516.1 CRV","0.4486","$231.52","$0.09","-$0.09"
"2025-11-12 16:07:41","FARTCOIN","Close Short","Fulfill Taker","546.4 FARTCOIN","0.273","$149.17","$0.06","+$8.41"
"2025-11-12 16:07:41","FARTCOIN","Close Short","Fulfill Taker","183.4 FARTCOIN","0.2725","$49.98","$0.02","+$2.91"
"2025-11-12 16:06:26","AVAX","Open Short","Fulfill Taker","12.5 AVAX","16.775","$209.69","$0.08","-$0.08"
"2025-11-12 15:44:23","ZEC","Close Short","Fulfill Taker","0.45 ZEC","480.58","$216.26","$0.09","-$9.21"
"2025-11-12 14:10:44","LTC","Open Short","Fulfill Taker","2 LTC","95.51","$191.02","$0.08","-$0.08"
"2025-11-12 13:47:45","HYPE","Open Short","Fulfill Taker","5.8 HYPE","38.246","$221.83","$0.09","-$0.09"
"2025-11-12 13:44:08","HYPE","Close Short","Fulfill Taker","5.7 HYPE","38.52","$219.56","$0.09","-$5.59"
"2025-11-12 13:44:08","HYPE","Close Short","Fulfill Taker","0.3 HYPE","38.506","$11.55","$0","-$0.29"
"2025-11-12 13:31:04","PUMP","Open Short","Fulfill Taker","52485 PUMP","0.004131","$216.82","$0.09","-$0.09"
"2025-11-12 13:30:27","VIRTUAL","Close Short","Fulfill Maker","157.3 VIRTUAL","1.2465","$196.07","$0.03","+$13.66"
"2025-11-12 13:26:52","HYPE","Open Short","Fulfill Taker","6 HYPE","37.555","$225.33","$0.09","-$0.09"
"2025-11-12 13:26:17","HYPE","Close Short","Fulfill Maker","5.2 HYPE","37.611","$195.58","$0.03","+$7.51"
"2025-11-12 13:22:42","DOGE","Open Short","Fulfill Taker","1225 DOGE","0.16939","$207.5","$0.08","-$0.08"
"2025-11-12 13:22:38","SOL","Open Short","Fulfill Taker","1.35 SOL","153.24","$206.87","$0.08","-$0.08"
"2025-11-12 13:20:35","2Z","Open Short","Fulfill Taker","722 2Z","0.1694","$122.31","$0.05","-$0.05"
"2025-11-12 13:12:26","LDO","Open Short","Fulfill Taker","283.6 LDO","0.7906","$224.21","$0.09","-$0.09"
"2025-11-12 13:11:29","LDO","Close Short","Fulfill Taker","252.5 LDO","0.7899","$199.45","$0.08","+$7.72"
"2025-11-12 13:07:20","PENGU","Open Short","Fulfill Taker","14094 PENGU","0.014618","$206.03","$0.08","-$0.08"
"2025-11-12 13:07:17","LINK","Open Short","Fulfill Taker","13.2 LINK","15.371","$202.9","$0.08","-$0.08"
"2025-11-12 13:07:15","FARTCOIN","Open Short","Fulfill Taker","729.8 FARTCOIN","0.2885","$210.55","$0.08","-$0.08"
"2025-11-12 13:07:12","SUI","Open Short","Fulfill Taker","101.6 SUI","1.9968","$202.87","$0.08","-$0.08"
"2025-11-12 12:52:01","XPL","Open Short","Fulfill Taker","799 XPL","0.2606","$208.22","$0.08","-$0.08"
"2025-11-12 12:51:59","HYPE","Open Short","Fulfill Taker","5.2 HYPE","39.06","$203.11","$0.08","-$0.08"
"2025-11-12 12:39:50","UNI","Open Short","Fulfill Taker","32 UNI","7.814","$250.05","$0.1","-$0.1"
"2025-11-12 12:39:38","UNI","Close Short","Fulfill Taker","24 UNI","7.814","$187.54","$0.08","+$11.73"
"2025-11-12 12:36:45","TAO","Open Short","Fulfill Taker","0.56 TAO","359.7","$201.43","$0.08","-$0.08"
"2025-11-12 12:36:43","ASTER","Open Short","Fulfill Taker","126.9 ASTER","1.14207","$144.93","$0.06","-$0.06"
"2025-11-12 12:36:43","ASTER","Open Short","Fulfill Taker","41.84 ASTER","1.14254","$47.8","$0.02","-$0.02"
"2025-11-12 12:36:43","ASTER","Open Short","Fulfill Taker","9.96 ASTER","1.1428","$11.38","$0","-$0"
"2025-11-12 12:36:40","AAVE","Open Short","Fulfill Taker","0.98 AAVE","209.67","$205.48","$0.08","-$0.08"
"2025-11-12 12:22:30","LDO","Open Short","Fulfill Taker","252.5 LDO","0.8208","$207.25","$0.08","-$0.08"
"2025-11-12 12:22:28","MON","Open Short","Fulfill Taker","2419 MON","0.05181","$125.33","$0.05","-$0.05"
"2025-11-12 12:22:28","ENA","Close Long","Fulfill Taker","628 ENA","0.32208","$202.27","$0.08","-$1.44"
"2025-11-12 12:22:25","ZEC","Open Short","Fulfill Taker","0.45 ZEC","460.3","$207.14","$0.08","-$0.08"
"2025-11-12 11:52:06","VIRTUAL","Open Short","Fulfill Taker","157.3 VIRTUAL","1.3335","$209.76","$0.08","-$0.08"
"2025-11-12 11:52:05","ZEC","Close Long","Fulfill Taker","0.43 ZEC","461.85","$198.6","$0.08","-$6.42"
"2025-11-12 11:50:25","PUMP","Close Long","Fulfill Maker","48549 PUMP","0.00431","$209.25","$0.03","-$5.71"
"2025-11-12 11:50:23","PUMP","Close Long","Fulfill Maker","11 PUMP","0.00431","$0.05","$0","-$0"
"2025-11-12 11:50:13","FARTCOIN","Close Long","Fulfill Maker","673.9 FARTCOIN","0.2967","$199.95","$0.03","-$4.61"
"2025-11-12 11:50:12","ASTER","Close Long","Fulfill Maker","182.5 ASTER","1.1495","$209.78","$0.03","-$7.67"
"2025-11-12 11:50:10","FARTCOIN","Close Long","Fulfill Maker","0.1 FARTCOIN","0.2967","$0.03","$0","-$0"
"2025-11-12 11:49:24","LINK","Close Long","Fulfill Taker","12.7 LINK","15.757","$200.11","$0.08","-$3.41"
"2025-11-12 11:49:05","PENGU","Close Long","Fulfill Taker","13685 PENGU","0.015042","$205.85","$0.08","-$5.04"
"2025-11-12 11:48:02","AAVE","Close Long","Fulfill Taker","0.95 AAVE","213.88","$203.19","$0.08","-$3.81"
"2025-11-12 11:47:44","TAO","Close Long","Fulfill Taker","0.55 TAO","365.24","$200.88","$0.08","-$4.5"
"2025-11-12 11:41:26","LDO","Close Long","Fulfill Maker","243.6 LDO","0.8428","$205.31","$0.03","-$3.83"
"2025-11-12 11:04:40","XPL","Close Long","Fulfill Taker","771 XPL","0.2671","$205.93","$0.08","-$5.09"
"2025-11-12 10:21:20","VIRTUAL","Close Long","Fulfill Taker","155 VIRTUAL","1.3798","$213.87","$0.09","-$4.24"
"2025-11-12 10:06:11","UNI","Open Short","Fulfill Taker","24 UNI","8.306","$199.34","$0.08","-$0.08"
"2025-11-12 09:35:52","PENGU","Open Long","Fulfill Taker","13685 PENGU","0.015404","$210.8","$0.08","-$0.08"
"2025-11-12 09:35:50","TAO","Open Long","Fulfill Taker","0.55 TAO","373.28","$205.3","$0.08","-$0.08"
"2025-11-12 09:12:26","MON","Close Long","Fulfill Taker","2312 MON","0.05253","$121.45","$0.05","-$2.98"
"2025-11-12 09:07:01","LINK","Open Long","Fulfill Taker","11.2 LINK","16.019","$179.41","$0.07","-$0.07"
"2025-11-12 09:07:01","LINK","Open Long","Fulfill Taker","1.5 LINK","16.018","$24.03","$0.01","-$0.01"
"2025-11-12 09:05:39","AAVE","Open Long","Fulfill Taker","0.95 AAVE","217.81","$206.92","$0.08","-$0.08"
"2025-11-12 08:41:07","ASTER","Open Long","Fulfill Taker","172.5 ASTER","1.19138","$205.51","$0.08","-$0.08"
"2025-11-12 08:41:07","ASTER","Open Long","Fulfill Taker","10 ASTER","1.19086","$11.91","$0","-$0"
"2025-11-12 08:38:05","PUMP","Open Long","Fulfill Taker","48560 PUMP","0.004427","$214.98","$0.09","-$0.09"
"2025-11-12 07:51:07","MON","Open Long","Fulfill Taker","2312 MON","0.0538","$124.39","$0.05","-$0.05"
"2025-11-12 07:35:21","LDO","Open Long","Fulfill Taker","243.6 LDO","0.8584","$209.11","$0.08","-$0.08"
"2025-11-12 07:20:12","XPL","Open Long","Fulfill Taker","771 XPL","0.2736","$210.95","$0.08","-$0.08"
"2025-11-12 06:54:56","ENA","Open Long","Fulfill Taker","628 ENA","0.32425","$203.63","$0.08","-$0.08"
"2025-11-12 06:50:51","ZEC","Open Long","Fulfill Taker","0.43 ZEC","476.6","$204.94","$0.08","-$0.08"
"2025-11-12 06:05:32","FARTCOIN","Open Long","Fulfill Taker","674 FARTCOIN","0.3035","$204.56","$0.08","-$0.08"
"2025-11-12 05:55:25","VIRTUAL","Open Long","Fulfill Taker","155 VIRTUAL","1.4066","$218.02","$0.09","-$0.09"
"2025-11-12 05:54:52","VIRTUAL","Close Short","Fulfill Maker","0.1 VIRTUAL","1.4083","$0.14","$0","-$0"
"2025-11-12 05:50:23","SOL","Close Short","Fulfill Taker","0.2 SOL","157.88","$31.58","$0.01","-$0.26"
"2025-11-12 05:39:19","DOGE","Close Short","Fulfill Taker","173 DOGE","0.17439","$30.17","$0.01","-$0.28"
"2025-11-12 05:39:19","SUI","Close Short","Fulfill Taker","16.8 SUI","2.0492","$34.43","$0.01","-$0.45"
"2025-11-12 05:39:18","BNB","Close Short","Fulfill Taker","0.03 BNB","964.08","$28.92","$0.01","-$0.21"
"2025-11-12 05:23:11","CRV","Close Short","Fulfill Taker","84 CRV","0.4775","$40.11","$0.02","-$0.52"
"2025-11-12 04:58:05","ASTER","Close Long","Fulfill Taker","180.5 ASTER","1.11525","$201.3","$0.08","-$5.87"
"2025-11-12 03:42:28","HYPE","Close Short","Fulfill Maker","0.1 HYPE","39.621","$3.96","$0","-$0.08"
"2025-11-12 03:19:10","TAO","Close Short","Fulfill Taker","0.1 TAO","368.53","$36.85","$0.01","-$0.51"
"2025-11-12 02:49:55","ASTER","Open Long","Fulfill Taker","180.5 ASTER","1.1473","$207.09","$0.08","-$0.08"
"2025-11-12 02:34:48","PENGU","Close Short","Fulfill Taker","2610 PENGU","0.014758","$38.52","$0.02","-$0.01"
"2025-11-12 02:34:48","LINK","Close Short","Fulfill Taker","2 LINK","15.44","$30.88","$0.01","-$0.02"
"2025-11-12 02:34:47","AVAX","Close Short","Fulfill Taker","2 AVAX","17.251","$34.5","$0.01","-$0.27"
"2025-11-12 02:34:47","ENA","Close Short","Fulfill Taker","120 ENA","0.31258","$37.51","$0.02","+$0.08"
"2025-11-12 02:19:39","FARTCOIN","Close Short","Fulfill Taker","122 FARTCOIN","0.2928","$35.72","$0.01","+$0.88"
"2025-11-12 02:19:39","HYPE","Close Short","Fulfill Taker","0.6 HYPE","39.341","$23.6","$0.01","-$0.29"
"2025-11-12 01:04:05","AAVE","Close Short","Fulfill Taker","0.15 AAVE","211.72","$31.76","$0.01","-$0.19"
"2025-11-11 23:48:31","UNI","Close Short","Fulfill Taker","4 UNI","8.371","$33.48","$0.01","+$0.99"
"2025-11-11 23:03:10","LDO","Close Short","Fulfill Taker","46.7 LDO","0.8242","$38.49","$0.02","-$0.96"
"2025-11-11 22:52:02","ZEC","Close Short","Fulfill Maker","0.09 ZEC","465.32","$41.88","$0.01","-$2.14"
"2025-11-11 22:25:23","PUMP","Close Short","Fulfill Taker","7870 PUMP","0.00403","$31.72","$0.01","+$1.96"
"2025-11-11 21:13:30","2Z","Close Short","Fulfill Taker","126 2Z","0.1728","$21.77","$0.01","+$0.77"
"2025-11-11 21:10:57","XPL","Close Short","Fulfill Taker","142 XPL","0.2605","$36.99","$0.01","+$1.58"
"2025-11-11 20:53:05","MON","Close Long","Fulfill Taker","358 MON","0.05094","$18.24","$0.01","-$0.24"
"2025-11-11 20:51:26","ZEC","Open Short","Fulfill Taker","0.09 ZEC","441.57","$39.74","$0.02","-$0.02"
"2025-11-11 20:50:54","ZEC","Close Short","Fulfill Taker","0.08 ZEC","443.15","$35.45","$0.01","+$3.26"
"2025-11-11 20:48:25","ASTER","Close Long","Fulfill Taker","28.7 ASTER","1.08626","$31.18","$0.01","-$0.24"
"2025-11-11 20:33:15","MON","Open Long","Fulfill Taker","358 MON","0.05158","$18.47","$0.01","-$0.01"
"2025-11-11 19:46:01","MON","Close Short","Fulfill Maker","343 MON","0.05146","$17.65","$0","-$0.1"
"2025-11-11 19:45:51","MON","Close Short","Fulfill Maker","1 MON","0.05146","$0.05","$0","-$0"
"2025-11-11 19:45:20","MON","Close Short","Fulfill Maker","1 MON","0.05146","$0.05","$0","-$0"
"2025-11-11 19:45:00","MON","Close Short","Fulfill Maker","1 MON","0.05146","$0.05","$0","-$0"
"2025-11-11 19:44:39","MON","Close Short","Fulfill Maker","1 MON","0.05146","$0.05","$0","-$0"
"2025-11-11 19:44:19","MON","Close Short","Fulfill Maker","1 MON","0.05146","$0.05","$0","-$0"
"2025-11-11 19:30:41","MON","Open Short","Fulfill Taker","348 MON","0.05117","$17.81","$0.01","-$0.01"
"2025-11-11 19:29:40","MON","Close Short","Fulfill Taker","376 MON","0.05127","$19.28","$0.01","-$0.32"
"2025-11-11 18:47:35","MON","Open Short","Fulfill Taker","376 MON","0.05044","$18.97","$0.01","-$0.01"
"2025-11-11 18:23:21","ZEC","Open Short","Fulfill Taker","0.08 ZEC","484.12","$38.73","$0.02","-$0.02"
"2025-11-11 18:22:20","ZEC","Close Short","Fulfill Taker","0.08 ZEC","485.14","$38.81","$0.02","-$1.57"
"2025-11-11 17:52:02","2Z","Open Short","Fulfill Taker","126 2Z","0.179","$22.55","$0.01","-$0.01"
"2025-11-11 17:35:48","CRV","Open Short","Fulfill Taker","84 CRV","0.4715","$39.61","$0.02","-$0.02"
"2025-11-11 17:35:46","LDO","Open Short","Fulfill Taker","46.7 LDO","0.804","$37.55","$0.02","-$0.02"
"2025-11-11 17:35:43","PENGU","Open Short","Fulfill Taker","2610 PENGU","0.01476","$38.52","$0.02","-$0.02"
"2025-11-11 17:35:41","UNI","Open Short","Fulfill Taker","4 UNI","8.621","$34.48","$0.01","-$0.01"
"2025-11-11 17:35:39","LINK","Open Short","Fulfill Taker","2 LINK","15.438","$30.88","$0.01","-$0.01"
"2025-11-11 17:35:36","AVAX","Open Short","Fulfill Taker","2 AVAX","17.121","$34.24","$0.01","-$0.01"
"2025-11-11 17:35:34","XPL","Open Short","Fulfill Taker","142 XPL","0.2717","$38.58","$0.02","-$0.02"
"2025-11-11 17:35:32","DOGE","Open Short","Fulfill Taker","173 DOGE","0.17283","$29.9","$0.01","-$0.01"
"2025-11-11 17:35:29","TAO","Open Short","Fulfill Taker","0.1 TAO","363.58","$36.36","$0.01","-$0.01"
"2025-11-11 17:35:27","FARTCOIN","Open Short","Fulfill Taker","122 FARTCOIN","0.3001","$36.61","$0.01","-$0.01"
"2025-11-11 17:35:25","SUI","Open Short","Fulfill Taker","16.8 SUI","2.023","$33.99","$0.01","-$0.01"
"2025-11-11 17:35:22","ASTER","Open Long","Fulfill Taker","18.7 ASTER","1.09417","$20.46","$0.01","-$0.01"
"2025-11-11 17:35:22","ASTER","Open Long","Fulfill Taker","10 ASTER","1.09389","$10.94","$0","-$0"
"2025-11-11 17:35:20","ENA","Open Short","Fulfill Taker","120 ENA","0.3134","$37.61","$0.02","-$0.02"
"2025-11-11 17:35:18","AAVE","Open Short","Fulfill Taker","0.15 AAVE","210.51","$31.58","$0.01","-$0.01"
"2025-11-11 17:35:15","PUMP","Open Short","Fulfill Taker","7870 PUMP","0.004281","$33.69","$0.01","-$0.01"
"2025-11-11 17:35:13","BNB","Open Short","Fulfill Taker","0.03 BNB","957.53","$28.73","$0.01","-$0.01"
"2025-11-11 17:35:10","ZEC","Open Short","Fulfill Taker","0.08 ZEC","465.74","$37.26","$0.01","-$0.01"
"2025-11-11 17:35:08","HYPE","Open Short","Fulfill Taker","0.7 HYPE","38.87","$27.21","$0.01","-$0.01"
"2025-11-11 17:35:06","SOL","Open Short","Fulfill Taker","0.2 SOL","156.66","$31.33","$0.01","-$0.01"
"2025-11-11 16:07:24","AVAX","Close Short","Fulfill Taker","0.1 AVAX","17.295","$1.73","$0","+$0.05"
"2025-11-11 16:01:49","SUI","Close Short","Fulfill Taker","25.7 SUI","2.0534","$52.77","$0.02","+$1.86"
"2025-11-11 15:46:42","PUMP","Close Long","Fulfill Taker","7953 PUMP","0.004406","$35.04","$0.01","-$0.14"
"2025-11-11 14:36:10","SOL","Close Short","Fulfill Taker","0.37 SOL","159.3","$58.94","$0.02","+$1.68"
"2025-11-11 12:20:55","ASTER","Close Short","Fulfill Maker","0.1 ASTER","1.1347","$0.11","$0","-$0"
"2025-11-11 12:16:14","TAO","Close Short","Fulfill Taker","0.09 TAO","381","$34.29","$0.01","-$0.08"
"2025-11-11 11:46:01","XPL","Close Short","Fulfill Taker","140 XPL","0.2812","$39.37","$0.02","+$0.11"
"2025-11-11 10:45:34","UNI","Close Long","Fulfill Taker","3 UNI","8.494","$25.48","$0.01","-$0.56"
"2025-11-11 10:16:20","VIRTUAL","Close Short","Fulfill Taker","27.8 VIRTUAL","1.3772","$38.29","$0.02","-$0.21"
"2025-11-11 10:16:19","ASTER","Close Short","Fulfill Taker","48.3 ASTER","1.07628","$51.98","$0.02","+$1.14"
"2025-11-11 10:16:19","ENA","Close Short","Fulfill Taker","102 ENA","0.33104","$33.77","$0.01","-$0.23"
"2025-11-11 10:16:19","BNB","Close Short","Fulfill Taker","0.05 BNB","982.78","$49.14","$0.02","+$0.25"
"2025-11-11 09:25:56","FARTCOIN","Close Short","Fulfill Taker","127 FARTCOIN","0.3001","$38.11","$0.02","+$1.36"
"2025-11-11 09:08:48","CRV","Close Short","Fulfill Taker","63.6 CRV","0.4994","$31.76","$0.01","-$0.56"
"2025-11-11 08:45:37","LDO","Close Short","Fulfill Taker","63 LDO","0.8609","$54.24","$0.02","+$0.73"
"2025-11-11 08:45:36","PENGU","Close Short","Fulfill Taker","3598 PENGU","0.015704","$56.5","$0.02","+$0.49"
"2025-11-11 08:45:36","XRP","Close Short","Fulfill Taker","23 XRP","2.4626","$56.64","$0.02","+$0.79"
"2025-11-11 08:45:36","ZEC","Close Long","Fulfill Taker","0.07 ZEC","484.68","$33.93","$0.01","-$0.15"
"2025-11-11 08:31:25","ZEC","Open Long","Fulfill Taker","0.07 ZEC","486.62","$34.06","$0.01","-$0.01"
"2025-11-11 08:30:24","2Z","Close Short","Fulfill Taker","109 2Z","0.1864","$20.32","$0.01","+$0.07"
"2025-11-11 08:30:24","AAVE","Close Short","Fulfill Taker","0.35 AAVE","219.04","$76.66","$0.03","-$0.19"
"2025-11-11 08:30:22","PUMP","Open Long","Fulfill Taker","7953 PUMP","0.004422","$35.17","$0.01","-$0.01"
"2025-11-11 08:30:21","ZEC","Close Short","Fulfill Taker","0.15 ZEC","484.47","$72.67","$0.03","+$4.96"
"2025-11-11 08:15:12","WLFI","Close Short","Fulfill Taker","365 WLFI","0.1558","$56.87","$0.02","-$1.11"
"2025-11-11 08:15:11","LINK","Close Short","Fulfill Taker","0.5 LINK","16.179","$8.09","$0","+$0.03"
"2025-11-11 08:15:11","LINK","Close Short","Fulfill Taker","1.5 LINK","16.177","$24.27","$0.01","+$0.09"
"2025-11-11 08:15:11","AVAX","Close Short","Fulfill Taker","1.8 AVAX","17.83","$32.09","$0.01","-$0.04"
"2025-11-11 08:15:11","DOGE","Close Short","Fulfill Taker","309 DOGE","0.1783","$55.09","$0.02","-$0.26"
"2025-11-11 08:15:11","HYPE","Close Short","Fulfill Taker","1.6 HYPE","40.289","$64.46","$0.03","-$0.31"
"2025-11-11 08:00:00","UNI","Open Long","Fulfill Taker","3 UNI","8.677","$26.03","$0.01","-$0.01"
"2025-11-11 07:45:51","UNI","Close Short","Fulfill Taker","4 UNI","8.69","$34.76","$0.01","-$1.31"
"2025-11-11 07:31:41","CRV","Open Short","Fulfill Taker","63.6 CRV","0.4908","$31.21","$0.01","-$0.01"
"2025-11-11 07:30:41","CRV","Close Short","Fulfill Taker","154.5 CRV","0.4918","$75.98","$0.03","+$3.14"
"2025-11-11 07:30:41","MON","Close Long","Fulfill Taker","354 MON","0.05144","$18.21","$0.01","-$0.09"
"2025-11-11 06:57:21","ENA","Open Short","Fulfill Taker","102 ENA","0.3289","$33.55","$0.01","-$0.01"
"2025-11-11 06:45:12","ENA","Close Short","Fulfill Taker","162 ENA","0.32962","$53.4","$0.02","+$2.57"
"2025-11-11 06:45:12","PUMP","Close Short","Fulfill Taker","16925 PUMP","0.004342","$73.49","$0.03","+$1.29"
"2025-11-11 06:15:55","MON","Open Long","Fulfill Taker","354 MON","0.05166","$18.29","$0.01","-$0.01"
"2025-11-11 06:14:54","MON","Close Short","Fulfill Taker","769 MON","0.05166","$39.73","$0.02","+$0.21"
"2025-11-11 05:40:26","XPL","Open Short","Fulfill Taker","140 XPL","0.2821","$39.49","$0.02","-$0.02"
"2025-11-11 05:39:25","XPL","Close Short","Fulfill Taker","221 XPL","0.283","$62.54","$0.03","+$3.56"
"2025-11-11 05:31:16","VIRTUAL","Open Short","Fulfill Taker","27.9 VIRTUAL","1.3703","$38.23","$0.02","-$0.02"
"2025-11-11 05:31:06","VIRTUAL","Close Short","Fulfill Maker","0.1 VIRTUAL","1.3723","$0.14","$0","+$0.01"
"2025-11-11 05:10:59","UNI","Open Short","Fulfill Taker","4 UNI","8.365","$33.46","$0.01","-$0.01"
"2025-11-11 05:09:58","UNI","Close Short","Fulfill Taker","7 UNI","8.402","$58.81","$0.02","+$6.61"
"2025-11-11 03:54:37","2Z","Open Short","Fulfill Taker","109 2Z","0.1871","$20.39","$0.01","-$0.01"
"2025-11-11 03:42:21","LINK","Open Short","Fulfill Taker","0.5 LINK","16.244","$8.12","$0","-$0"
"2025-11-11 03:42:21","LINK","Open Short","Fulfill Taker","1.5 LINK","16.246","$24.37","$0.01","-$0.01"
"2025-11-11 03:35:11","FARTCOIN","Open Short","Fulfill Taker","77.1 FARTCOIN","0.3109","$23.97","$0.01","-$0.01"
"2025-11-11 03:35:11","FARTCOIN","Open Short","Fulfill Taker","49.9 FARTCOIN","0.3109","$15.51","$0.01","-$0.01"
"2025-11-11 03:35:01","FARTCOIN","Close Short","Fulfill Maker","244.8 FARTCOIN","0.312","$76.38","$0.01","-$2.29"
"2025-11-11 03:30:03","AVAX","Open Short","Fulfill Taker","1.9 AVAX","17.814","$33.85","$0.01","-$0.01"
"2025-11-11 03:30:01","TAO","Open Short","Fulfill Taker","0.09 TAO","380.3","$34.23","$0.01","-$0.01"
"2025-11-11 03:29:00","2Z","Close Short","Fulfill Taker","226 2Z","0.1888","$42.67","$0.02","-$0.88"
"2025-11-11 03:08:12","DOGE","Open Short","Fulfill Taker","309 DOGE","0.17754","$54.86","$0.02","-$0.02"
"2025-11-11 03:08:09","FARTCOIN","Open Short","Fulfill Taker","244.8 FARTCOIN","0.3027","$74.1","$0.03","-$0.03"
"2025-11-11 03:08:06","AAVE","Open Short","Fulfill Taker","0.35 AAVE","218.58","$76.5","$0.03","-$0.03"
"2025-11-11 03:08:04","HYPE","Open Short","Fulfill Taker","1.6 HYPE","40.11","$64.18","$0.03","-$0.03"
"2025-11-11 03:08:01","SOL","Open Short","Fulfill Taker","0.37 SOL","163.9","$60.64","$0.02","-$0.02"
"2025-11-11 03:07:24","FARTCOIN","Close Short","Fulfill Taker","232.3 FARTCOIN","0.3017","$70.08","$0.03","+$3.94"
"2025-11-11 03:01:07","ASTER","Open Short","Fulfill Taker","48.4 ASTER","1.10028","$53.25","$0.02","-$0.02"
"2025-11-11 03:01:04","PUMP","Open Short","Fulfill Taker","16925 PUMP","0.00442","$74.81","$0.03","-$0.03"
"2025-11-11 03:00:01","WLFI","Open Short","Fulfill Taker","294 WLFI","0.1528","$44.92","$0.02","-$0.02"
"2025-11-11 03:00:01","WLFI","Open Short","Fulfill Taker","71 WLFI","0.1529","$10.86","$0","-$0"
"2025-11-11 02:59:58","FARTCOIN","Open Short","Fulfill Taker","232.3 FARTCOIN","0.3188","$74.06","$0.03","-$0.03"
"2025-11-11 02:59:56","SUI","Open Short","Fulfill Taker","25.7 SUI","2.1267","$54.66","$0.02","-$0.02"
"2025-11-11 02:59:55","ASTER","Close Long","Fulfill Taker","48.5 ASTER","1.10164","$53.43","$0.02","-$1.25"
"2025-11-11 02:59:55","PUMP","Close Long","Fulfill Taker","12448 PUMP","0.004409","$54.88","$0.02","-$1.48"
"2025-11-11 02:59:00","FARTCOIN","Close Long","Fulfill Maker","0.1 FARTCOIN","0.3199","$0.03","$0","-$0"
"2025-11-11 02:44:33","PENGU","Open Short","Fulfill Taker","3598 PENGU","0.015846","$57.01","$0.02","-$0.02"
"2025-11-11 02:44:33","WLFI","Close Long","Fulfill Taker","367 WLFI","0.1529","$56.11","$0.02","-$1.38"
"2025-11-11 02:44:32","SUI","Close Long","Fulfill Taker","28.7 SUI","2.1305","$61.15","$0.02","-$1.24"
"2025-11-11 02:44:30","ASTER","Open Long","Fulfill Taker","48.5 ASTER","1.12692","$54.66","$0.02","-$0.02"
"2025-11-11 02:40:26","ASTER","Close Short","Fulfill Taker","42.7 ASTER","1.13349","$48.4","$0.02","-$1.38"
"2025-11-11 02:40:26","ASTER","Close Short","Fulfill Taker","10 ASTER","1.13316","$11.33","$0","-$0.32"
"2025-11-11 02:29:15","PUMP","Open Long","Fulfill Taker","12448 PUMP","0.004526","$56.34","$0.02","-$0.02"
"2025-11-11 02:21:18","PUMP","Close Long","Fulfill Maker","15161 PUMP","0.0045","$68.22","$0.01","-$3.1"
"2025-11-11 02:18:01","ENA","Open Short","Fulfill Taker","162 ENA","0.34563","$55.99","$0.02","-$0.02"
"2025-11-11 02:14:56","LDO","Open Short","Fulfill Taker","63 LDO","0.8729","$54.99","$0.02","-$0.02"
"2025-11-11 02:14:53","MON","Open Short","Fulfill Taker","769 MON","0.05195","$39.95","$0.02","-$0.02"
"2025-11-11 02:14:50","ZEC","Open Short","Fulfill Taker","0.15 ZEC","517.74","$77.66","$0.03","-$0.03"
"2025-11-11 02:03:38","2Z","Open Short","Fulfill Taker","226 2Z","0.185","$41.81","$0.02","-$0.02"
"2025-11-11 02:00:32","ASTER","Open Short","Fulfill Taker","52.7 ASTER","1.10166","$58.06","$0.02","-$0.02"
"2025-11-11 01:59:31","MON","Close Long","Fulfill Taker","729 MON","0.05351","$39.01","$0.02","+$0.23"
"2025-11-11 01:59:31","PENGU","Close Long","Fulfill Taker","3626 PENGU","0.016039","$58.16","$0.02","-$1"
"2025-11-11 01:59:30","ASTER","Close Long","Fulfill Taker","54.6 ASTER","1.10069","$60.1","$0.02","-$1.39"
"2025-11-11 01:59:30","ENA","Close Long","Fulfill Taker","192 ENA","0.34859","$66.93","$0.03","+$1.12"
"2025-11-11 01:59:28","XRP","Open Short","Fulfill Taker","23 XRP","2.4979","$57.45","$0.02","-$0.02"
"2025-11-11 01:59:26","BNB","Open Short","Fulfill Taker","0.05 BNB","988.2","$49.41","$0.02","-$0.02"
"2025-11-11 01:59:25","ZEC","Close Long","Fulfill Taker","0.06 ZEC","530.18","$31.81","$0.01","-$1.19"
"2025-11-11 01:59:25","ZEC","Close Long","Fulfill Taker","0.08 ZEC","530.18","$42.41","$0.02","-$1.59"
"2025-11-11 01:44:19","LDO","Close Long","Fulfill Taker","60 LDO","0.881","$52.86","$0.02","-$1.54"
"2025-11-11 01:44:19","2Z","Close Long","Fulfill Taker","174 2Z","0.1885","$32.8","$0.01","-$0.59"
"2025-11-11 01:29:10","XRP","Close Long","Fulfill Taker","21 XRP","2.5189","$52.9","$0.02","-$0.63"
"2025-11-11 01:01:25","2Z","Open Long","Fulfill Taker","174 2Z","0.1918","$33.37","$0.01","-$0.01"
"2025-11-11 00:59:20","PENGU","Open Long","Fulfill Taker","3626 PENGU","0.016307","$59.13","$0.02","-$0.02"
"2025-11-11 00:45:03","UNI","Open Short","Fulfill Taker","7 UNI","9.349","$65.44","$0.03","-$0.03"
"2025-11-11 00:44:02","UNI","Close Long","Fulfill Taker","8 UNI","9.354","$74.83","$0.03","-$2.3"
"2025-11-11 00:30:42","MON","Open Long","Fulfill Taker","729 MON","0.05317","$38.76","$0.02","-$0.02"
"2025-11-11 00:29:40","MON","Close Short","Fulfill Taker","646 MON","0.05304","$34.26","$0.01","+$0.12"
"2025-11-11 00:14:21","WLFI","Open Long","Fulfill Taker","367 WLFI","0.1566","$57.47","$0.02","-$0.02"
"2025-11-10 23:59:10","2Z","Close Short","Fulfill Taker","169 2Z","0.1936","$32.72","$0.01","-$0.35"
"2025-11-10 23:51:02","PUMP","Open Long","Fulfill Taker","15161 PUMP","0.004704","$71.32","$0.03","-$0.03"
"2025-11-10 23:50:55","PUMP","Close Long","Fulfill Maker","14148 PUMP","0.0047","$66.5","$0.01","+$3.56"
"2025-11-10 23:43:55","LDO","Open Long","Fulfill Taker","60 LDO","0.9063","$54.38","$0.02","-$0.02"
"2025-11-10 23:30:44","2Z","Open Short","Fulfill Taker","169 2Z","0.1916","$32.38","$0.01","-$0.01"
"2025-11-10 23:28:42","LDO","Close Long","Fulfill Taker","62.1 LDO","0.8867","$55.06","$0.02","+$1.28"
"2025-11-10 23:28:42","PENGU","Close Long","Fulfill Taker","3390 PENGU","0.016157","$54.77","$0.02","+$0.27"
"2025-11-10 23:28:42","WLFI","Close Short","Fulfill Taker","410 WLFI","0.1554","$63.71","$0.03","+$0.51"
"2025-11-10 23:27:38","ASTER","Open Long","Fulfill Taker","11.79 ASTER","1.12615","$13.28","$0.01","-$0.01"
"2025-11-10 23:27:38","ASTER","Open Long","Fulfill Taker","42.81 ASTER","1.12569","$48.19","$0.02","-$0.02"
"2025-11-10 23:27:24","ASTER","Close Long","Fulfill Taker","0.1 ASTER","1.12359","$0.11","$0","+$0"
"2025-11-10 23:15:31","CRV","Open Short","Fulfill Taker","154.5 CRV","0.5123","$79.15","$0.03","-$0.03"
"2025-11-10 23:14:31","CRV","Close Long","Fulfill Taker","138.4 CRV","0.5137","$71.1","$0.03","-$0.31"
"2025-11-10 23:14:28","XPL","Open Short","Fulfill Taker","221 XPL","0.2992","$66.12","$0.03","-$0.03"
"2025-11-10 23:05:33","BNB","Close Long","Fulfill Taker","0.06 BNB","993.17","$59.59","$0.02","-$0.67"
"2025-11-10 22:59:18","XPL","Close Long","Fulfill Taker","176 XPL","0.3007","$52.92","$0.02","-$1.27"
"2025-11-10 22:43:58","MON","Open Short","Fulfill Taker","646 MON","0.05324","$34.39","$0.01","-$0.01"
"2025-11-10 22:43:55","ZEC","Open Long","Fulfill Taker","0.14 ZEC","549.86","$76.98","$0.03","-$0.03"
"2025-11-10 22:30:34","XPL","Open Long","Fulfill Taker","176 XPL","0.3078","$54.17","$0.02","-$0.02"
"2025-11-10 22:30:31","XRP","Open Long","Fulfill Taker","21 XRP","2.5477","$53.5","$0.02","-$0.02"
"2025-11-10 22:29:30","MON","Close Short","Fulfill Taker","880 MON","0.0539","$47.43","$0.02","-$0.26"
"2025-11-10 22:29:30","2Z","Close Short","Fulfill Taker","167 2Z","0.193","$32.23","$0.01","-$0.35"
"2025-11-10 22:29:30","XPL","Close Short","Fulfill Taker","183 XPL","0.3095","$56.64","$0.02","-$0.48"
"2025-11-10 22:29:27","SUI","Open Long","Fulfill Taker","28.7 SUI","2.1729","$62.36","$0.02","-$0.02"
"2025-11-10 22:29:27","VIRTUAL","Close Short","Fulfill Taker","42.7 VIRTUAL","1.4632","$62.48","$0.02","-$0.89"
"2025-11-10 22:29:26","XRP","Close Short","Fulfill Taker","22 XRP","2.5533","$56.17","$0.02","-$0.33"
"2025-11-10 22:29:24","BNB","Open Long","Fulfill Taker","0.06 BNB","1,003.96","$60.24","$0.02","-$0.02"
"2025-11-10 22:29:24","ZEC","Close Short","Fulfill Taker","0.1 ZEC","536.45","$53.65","$0.02","+$2.85"
"2025-11-10 22:18:57","SUI","Close Short","Fulfill Taker","0.1 SUI","2.1822","$0.22","$0","-$0"
"2025-11-10 22:13:04","ENA","Open Long","Fulfill Taker","192 ENA","0.34261","$65.78","$0.03","-$0.03"
"2025-11-10 21:39:20","CRV","Open Long","Fulfill Taker","138.4 CRV","0.5157","$71.37","$0.03","-$0.03"
"2025-11-10 21:38:21","CRV","Close Long","Fulfill Maker","148 CRV","0.5139","$76.06","$0.01","-$3.59"
"2025-11-10 21:13:55","VIRTUAL","Open Short","Fulfill Taker","42.8 VIRTUAL","1.443","$61.76","$0.02","-$0.02"
"2025-11-10 21:13:52","XRP","Open Short","Fulfill Taker","22 XRP","2.5395","$55.87","$0.02","-$0.02"
"2025-11-10 21:01:42","2Z","Open Short","Fulfill Taker","167 2Z","0.191","$31.9","$0.01","-$0.01"
"2025-11-10 20:43:28","ENA","Close Long","Fulfill Taker","171 ENA","0.33899","$57.97","$0.02","-$0.14"
"2025-11-10 19:44:16","CRV","Open Long","Fulfill Taker","148 CRV","0.5381","$79.64","$0.03","-$0.03"
"2025-11-10 19:44:13","UNI","Open Long","Fulfill Taker","8 UNI","9.638","$77.1","$0.03","-$0.03"
"2025-11-10 19:44:10","ENA","Open Long","Fulfill Taker","171 ENA","0.33965","$58.08","$0.02","-$0.02"
"2025-11-10 19:43:45","CRV","Close Long","Fulfill Maker","136.6 CRV","0.5382","$73.52","$0.01","+$3.43"
"2025-11-10 19:43:39","UNI","Close Long","Fulfill Taker","9 UNI","9.686","$87.17","$0.03","+$10.2"
"2025-11-10 19:28:57","LDO","Open Long","Fulfill Taker","62.1 LDO","0.8658","$53.77","$0.02","-$0.02"
"2025-11-10 19:28:54","PENGU","Open Long","Fulfill Taker","3390 PENGU","0.016072","$54.48","$0.02","-$0.02"
"2025-11-10 19:13:45","VIRTUAL","Close Long","Fulfill Taker","37.7 VIRTUAL","1.4348","$54.09","$0.02","-$1.15"
"2025-11-10 18:56:33","CRV","Open Long","Fulfill Taker","136.6 CRV","0.513","$70.08","$0.03","-$0.03"
"2025-11-10 18:55:48","CRV","Close Long","Fulfill Maker","111 CRV","0.5142","$57.08","$0.01","+$2.28"
"2025-11-10 18:45:24","UNI","Open Long","Fulfill Taker","9 UNI","8.549","$76.94","$0.03","-$0.03"
"2025-11-10 18:45:00","UNI","Close Long","Fulfill Taker","10 UNI","8.411","$84.11","$0.03","+$7.16"
"2025-11-10 18:44:21","MON","Open Short","Fulfill Taker","880 MON","0.05363","$47.19","$0.02","-$0.02"
"2025-11-10 18:43:20","MON","Close Long","Fulfill Taker","830 MON","0.0541","$44.9","$0.02","-$2.94"
"2025-11-10 18:39:34","2Z","Close Long","Fulfill Maker","215 2Z","0.1913","$41.13","$0.01","-$0.76"
"2025-11-10 18:28:11","LDO","Close Long","Fulfill Taker","73.5 LDO","0.8489","$62.39","$0.02","-$0.86"
"2025-11-10 18:28:11","PENGU","Close Long","Fulfill Taker","3341 PENGU","0.015826","$52.87","$0.02","-$0.59"
"2025-11-10 18:28:09","XPL","Open Short","Fulfill Taker","183 XPL","0.307","$56.18","$0.02","-$0.02"
"2025-11-10 18:28:08","FARTCOIN","Close Long","Fulfill Taker","169.5 FARTCOIN","0.3284","$55.66","$0.02","-$0.45"
"2025-11-10 18:28:08","ASTER","Close Long","Fulfill Taker","54.7 ASTER","1.06906","$58.48","$0.02","-$0.57"
"2025-11-10 18:23:05","XPL","Close Long","Fulfill Taker","207 XPL","0.3079","$63.74","$0.03","-$2.59"
"2025-11-10 18:09:51","FARTCOIN","Open Long","Fulfill Taker","169.6 FARTCOIN","0.3309","$56.12","$0.02","-$0.02"
"2025-11-10 18:09:38","ENA","Close Long","Fulfill Maker","175 ENA","0.3327","$58.22","$0.01","-$1.44"
"2025-11-10 18:09:05","FARTCOIN","Close Long","Fulfill Maker","227.8 FARTCOIN","0.3296","$75.08","$0.01","-$2.31"
"2025-11-10 17:58:37","ZEC","Open Short","Fulfill Taker","0.1 ZEC","565.2","$56.52","$0.02","-$0.02"
"2025-11-10 17:52:27","MON","Open Long","Fulfill Taker","830 MON","0.05762","$47.82","$0.02","-$0.02"
"2025-11-10 17:51:23","LDO","Open Long","Fulfill Taker","73.5 LDO","0.8603","$63.23","$0.03","-$0.03"
"2025-11-10 17:51:23","MON","Close Long","Fulfill Taker","776 MON","0.05736","$44.51","$0.02","-$3.11"
"2025-11-10 17:50:36","LDO","Close Long","Fulfill Taker","86.4 LDO","0.8586","$74.18","$0.03","-$1.97"
"2025-11-10 17:50:20","UNI","Open Long","Fulfill Taker","10 UNI","7.692","$76.92","$0.03","-$0.03"
"2025-11-10 17:49:42","UNI","Close Long","Fulfill Taker","10 UNI","7.691","$76.91","$0.03","+$3.39"
"2025-11-10 17:43:08","ZEC","Close Long","Fulfill Taker","0.13 ZEC","577.22","$75.04","$0.03","-$2.25"
"2025-11-10 17:28:47","PUMP","Open Long","Fulfill Taker","14148 PUMP","0.004448","$62.93","$0.03","-$0.03"
"2025-11-10 17:26:43","2Z","Open Long","Fulfill Taker","215 2Z","0.1948","$41.88","$0.02","-$0.02"
"2025-11-10 17:18:26","ENA","Open Long","Fulfill Taker","175 ENA","0.34086","$59.65","$0.02","-$0.02"
"2025-11-10 17:17:23","UNI","Open Long","Fulfill Taker","10 UNI","7.349","$73.49","$0.03","-$0.03"
"2025-11-10 17:16:39","UNI","Close Long","Fulfill Maker","6.1 UNI","7.452","$45.46","$0.01","-$1.15"
"2025-11-10 17:16:39","UNI","Close Long","Fulfill Maker","3.9 UNI","7.452","$29.06","$0","-$0.74"
"2025-11-10 17:14:15","UNI","Open Long","Fulfill Taker","10 UNI","7.64","$76.4","$0.03","-$0.03"
"2025-11-10 17:13:33","UNI","Close Long","Fulfill Taker","8 UNI","7.569","$60.55","$0.02","+$2.56"
"2025-11-10 17:13:10","FARTCOIN","Open Long","Fulfill Taker","227.8 FARTCOIN","0.3397","$77.38","$0.03","-$0.03"
"2025-11-10 17:13:09","SUI","Close Short","Fulfill Taker","25.3 SUI","2.1627","$54.72","$0.02","-$0.69"
"2025-11-10 17:13:07","ASTER","Open Long","Fulfill Taker","44.8 ASTER","1.07903","$48.34","$0.02","-$0.02"
"2025-11-10 17:13:07","ASTER","Open Long","Fulfill Taker","10 ASTER","1.0788","$10.79","$0","-$0"
"2025-11-10 17:13:06","ENA","Close Short","Fulfill Taker","197 ENA","0.33806","$66.6","$0.03","-$1.33"
"2025-11-10 17:13:06","PUMP","Close Short","Fulfill Taker","13863 PUMP","0.004412","$61.16","$0.02","-$0.2"
"2025-11-10 17:13:04","ZEC","Open Long","Fulfill Taker","0.13 ZEC","594.32","$77.26","$0.03","-$0.03"
"2025-11-10 16:58:50","CRV","Open Long","Fulfill Taker","111 CRV","0.4936","$54.79","$0.02","-$0.02"
"2025-11-10 16:58:47","PENGU","Open Long","Fulfill Taker","3341 PENGU","0.015997","$53.45","$0.02","-$0.02"
"2025-11-10 16:58:47","ZEC","Close Short","Fulfill Taker","0.1 ZEC","587.02","$58.7","$0.02","+$0.29"
"2025-11-10 16:43:34","LDO","Open Long","Fulfill Taker","86.4 LDO","0.881","$76.12","$0.03","-$0.03"
"2025-11-10 16:43:34","PENGU","Close Short","Fulfill Taker","3710 PENGU","0.01608","$59.66","$0.02","-$0.77"
"2025-11-10 16:40:30","UNI","Open Long","Fulfill Taker","8 UNI","7.246","$57.97","$0.02","-$0.02"
"2025-11-10 16:40:09","UNI","Close Long","Fulfill Maker","9 UNI","7.256","$65.3","$0.01","+$2.5"
"2025-11-10 16:22:20","ENA","Open Short","Fulfill Taker","197 ENA","0.33144","$65.29","$0.03","-$0.03"
"2025-11-10 16:13:13","PENGU","Open Short","Fulfill Taker","3710 PENGU","0.01588","$58.91","$0.02","-$0.02"
"2025-11-10 16:13:11","WLFI","Open Short","Fulfill Taker","410 WLFI","0.1567","$64.25","$0.03","-$0.03"
"2025-11-10 16:13:09","VIRTUAL","Open Long","Fulfill Taker","37.7 VIRTUAL","1.4646","$55.22","$0.02","-$0.02"
"2025-11-10 15:58:01","WLFI","Close Long","Fulfill Taker","343 WLFI","0.157","$53.85","$0.02","-$1.02"
"2025-11-10 15:57:58","SUI","Open Short","Fulfill Taker","25.4 SUI","2.1363","$54.26","$0.02","-$0.02"
"2025-11-10 15:41:49","MON","Open Long","Fulfill Taker","776 MON","0.06135","$47.61","$0.02","-$0.02"
"2025-11-10 15:41:47","WLFI","Open Long","Fulfill Taker","343 WLFI","0.1599","$54.85","$0.02","-$0.02"
"2025-11-10 15:41:44","UNI","Open Long","Fulfill Taker","9 UNI","6.977","$62.79","$0.03","-$0.03"
"2025-11-10 15:41:42","XPL","Open Long","Fulfill Taker","207 XPL","0.3203","$66.3","$0.03","-$0.03"
"2025-11-10 15:41:39","PUMP","Open Short","Fulfill Taker","13863 PUMP","0.004399","$60.98","$0.02","-$0.02"
"2025-11-10 15:35:39","ZEC","Open Short","Fulfill Taker","0.1 ZEC","590.17","$59.02","$0.02","-$0.02"
"2025-11-10 06:42:37","ZEC","Close Long","Fulfill Taker","0.07 ZEC","652.41","$45.67","$0.02","+$0.21"
"2025-11-10 06:42:37","ZEC","Close Long","Fulfill Taker","0.03 ZEC","652.41","$19.57","$0.01","+$0.09"
"2025-11-10 06:20:42","XRP","Close Long","Fulfill Taker","30 XRP","2.4987","$74.96","$0.03","+$2.18"
"2025-11-10 05:42:50","SUI","Close Long","Fulfill Taker","25.8 SUI","2.1476","$55.41","$0.02","-$0.77"
"2025-11-10 05:41:48","CRV","Close Long","Fulfill Taker","112.9 CRV","0.4842","$54.67","$0.02","-$0.99"
"2025-11-10 05:27:14","ENA","Close Long","Fulfill Taker","207 ENA","0.34368","$71.14","$0.03","+$0.53"
"2025-11-10 05:11:50","PENGU","Close Long","Fulfill Taker","4048 PENGU","0.015748","$63.75","$0.03","-$0.27"
"2025-11-10 03:27:26","ASTER","Close Long","Fulfill Taker","43.94 ASTER","1.12284","$49.34","$0.02","-$0.09"
"2025-11-10 03:27:26","ASTER","Close Long","Fulfill Taker","9.96 ASTER","1.12344","$11.19","$0","-$0.01"
"2025-11-10 02:35:19","BNB","Close Long","Fulfill Taker","0.05 BNB","1,004.99","$50.25","$0.02","-$0.53"
"2025-11-10 01:42:13","LDO","Close Long","Fulfill Taker","64.7 LDO","0.8487","$54.91","$0.02","-$0.89"
"2025-11-10 01:26:50","FARTCOIN","Close Long","Fulfill Taker","235.9 FARTCOIN","0.3341","$78.81","$0.03","-$0.86"
"2025-11-10 01:15:24","WLFI","Close Long","Fulfill Taker","601 WLFI","0.1396","$83.9","$0.03","+$4.29"
"2025-11-10 00:46:08","2Z","Close Long","Fulfill Maker","155 2Z","0.2093","$32.44","$0","+$1.56"
"2025-11-10 00:46:08","2Z","Close Long","Fulfill Maker","25 2Z","0.2093","$5.23","$0","+$0.25"
"2025-11-10 00:45:53","VIRTUAL","Close Long","Fulfill Maker","49.4 VIRTUAL","1.5243","$75.3","$0.01","-$4.14"
"2025-11-10 00:45:52","VIRTUAL","Close Long","Fulfill Maker","0.1 VIRTUAL","1.5243","$0.15","$0","-$0.01"
"2025-11-10 00:12:13","SUI","Open Long","Fulfill Taker","25.8 SUI","2.1764","$56.15","$0.02","-$0.02"
"2025-11-09 22:41:31","ZEC","Open Long","Fulfill Taker","0.1 ZEC","649.2","$64.92","$0.03","-$0.03"
"2025-11-09 22:39:22","PUMP","Close Long","Fulfill Maker","15285 PUMP","0.0042","$64.2","$0.01","-$2.03"
"2025-11-09 22:39:16","PUMP","Close Long","Fulfill Maker","11 PUMP","0.0042","$0.05","$0","-$0"
"2025-11-09 22:36:34","XPL","Close Long","Fulfill Maker","242 XPL","0.3118","$75.46","$0.01","-$4.08"
"2025-11-09 22:30:27","MON","Close Long","Fulfill Taker","549 MON","0.0589","$32.34","$0.01","-$0.17"
"2025-11-09 22:09:33","MON","Open Long","Fulfill Taker","549 MON","0.05918","$32.49","$0.01","-$0.01"
"2025-11-09 22:04:22","PUMP","Open Long","Fulfill Taker","15296 PUMP","0.004332","$66.26","$0.03","-$0.03"
"2025-11-09 22:03:19","WLFI","Open Long","Fulfill Taker","601 WLFI","0.1324","$79.57","$0.03","-$0.03"
"2025-11-09 22:02:15","XPL","Open Long","Fulfill Taker","242 XPL","0.3286","$79.52","$0.03","-$0.03"
"2025-11-09 22:01:10","ENA","Open Long","Fulfill Taker","207 ENA","0.341","$70.59","$0.03","-$0.03"
"2025-11-09 21:57:01","CRV","Open Long","Fulfill Taker","112.9 CRV","0.4928","$55.64","$0.02","-$0.02"
"2025-11-09 21:56:59","LDO","Open Long","Fulfill Taker","64.7 LDO","0.8621","$55.78","$0.02","-$0.02"
"2025-11-09 21:56:56","PENGU","Open Long","Fulfill Taker","4048 PENGU","0.015808","$63.99","$0.03","-$0.03"
"2025-11-09 21:56:53","ASTER","Open Long","Fulfill Taker","43.9 ASTER","1.12449","$49.37","$0.02","-$0.02"
"2025-11-09 21:56:53","ASTER","Open Long","Fulfill Taker","10 ASTER","1.12408","$11.24","$0","-$0"
"2025-11-09 21:56:51","XRP","Open Long","Fulfill Taker","30 XRP","2.4251","$72.75","$0.03","-$0.03"
"2025-11-09 21:56:48","BNB","Open Long","Fulfill Taker","0.05 BNB","1,015.19","$50.76","$0.02","-$0.02"
"2025-11-09 21:51:43","2Z","Open Long","Fulfill Taker","180 2Z","0.1992","$35.86","$0.01","-$0.01"
"2025-11-09 21:50:40","FARTCOIN","Open Long","Fulfill Taker","235.9 FARTCOIN","0.3376","$79.64","$0.03","-$0.03"
"2025-11-09 21:50:38","VIRTUAL","Open Long","Fulfill Taker","49.5 VIRTUAL","1.6078","$79.59","$0.03","-$0.03"
"2025-11-09 06:54:13","SUI","Close Long","Fulfill Taker","26.2 SUI","2.0665","$54.14","$0.02","-$0.91"
"2025-11-09 06:54:13","SUI","Close Long","Fulfill Taker","0.2 SUI","2.0665","$0.41","$0","-$0.01"
"2025-11-09 06:54:13","SUI","Close Long","Fulfill Taker","0.2 SUI","2.0665","$0.41","$0","-$0.01"
"2025-11-09 06:54:13","SUI","Close Long","Fulfill Taker","0.2 SUI","2.067","$0.41","$0","-$0.01"
"2025-11-09 06:54:13","SUI","Close Long","Fulfill Taker","0.2 SUI","2.067","$0.41","$0","-$0.01"
"2025-11-09 06:54:13","SUI","Close Long","Fulfill Taker","0.2 SUI","2.0671","$0.41","$0","-$0.01"
"2025-11-09 06:54:13","SUI","Close Long","Fulfill Taker","0.2 SUI","2.0672","$0.41","$0","-$0.01"
"2025-11-09 06:54:13","SUI","Close Long","Fulfill Taker","0.2 SUI","2.0673","$0.41","$0","-$0.01"
"2025-11-09 06:54:13","SUI","Close Long","Fulfill Taker","0.2 SUI","2.0674","$0.41","$0","-$0.01"
"2025-11-09 05:08:49","SUI","Open Long","Fulfill Taker","27.8 SUI","2.1003","$58.39","$0.02","-$0.02"
"2025-11-08 22:17:24","ZEC","Close Long","Fulfill Taker","1.4 ZEC","574.79","$804.71","$0.32","-$3.53"
"2025-11-08 17:52:00","ZEC","Open Long","Fulfill Taker","0.14 ZEC","577.58","$80.86","$0.03","-$0.03"
"2025-11-08 17:51:00","ZEC","Open Long","Fulfill Taker","0.14 ZEC","579.44","$81.12","$0.03","-$0.03"
"2025-11-08 17:49:59","ZEC","Open Long","Fulfill Taker","0.14 ZEC","577.59","$80.86","$0.03","-$0.03"
"2025-11-08 17:48:58","ZEC","Open Long","Fulfill Taker","0.14 ZEC","575.51","$80.57","$0.03","-$0.03"
"2025-11-08 17:47:58","ZEC","Open Long","Fulfill Taker","0.14 ZEC","578.84","$81.04","$0.03","-$0.03"
"2025-11-08 17:46:57","ZEC","Open Long","Fulfill Taker","0.14 ZEC","578.83","$81.04","$0.03","-$0.03"
"2025-11-08 17:45:56","ZEC","Open Long","Fulfill Taker","0.14 ZEC","576.79","$80.75","$0.03","-$0.03"
"2025-11-08 17:44:56","ZEC","Open Long","Fulfill Taker","0.14 ZEC","575.31","$80.54","$0.03","-$0.03"
"2025-11-08 17:42:55","ZEC","Open Long","Fulfill Taker","0.1 ZEC","576.94","$57.69","$0.02","-$0.02"
"2025-11-08 17:42:55","ZEC","Open Long","Fulfill Taker","0.04 ZEC","576.94","$23.08","$0.01","-$0.01"
"2025-11-08 17:39:53","ZEC","Open Long","Fulfill Taker","0.14 ZEC","574","$80.36","$0.03","-$0.03"
"2025-11-08 17:39:30","ZEC","Close Long","Fulfill Taker","0.42 ZEC","574.03","$241.09","$0.1","+$0.14"
"2025-11-08 17:39:11","ZEC","Open Long","Fulfill Taker","0.14 ZEC","575.08","$80.51","$0.03","-$0.03"
"2025-11-08 17:37:10","ZEC","Open Long","Fulfill Taker","0.14 ZEC","572.89","$80.2","$0.03","-$0.03"
"2025-11-08 17:36:09","ZEC","Open Long","Fulfill Taker","0.1 ZEC","572.43","$57.24","$0.02","-$0.02"
"2025-11-08 17:36:09","ZEC","Open Long","Fulfill Taker","0.04 ZEC","572.42","$22.9","$0.01","-$0.01"
"2025-11-08 17:17:03","PUMP","Close Long","Fulfill Taker","21251 PUMP","0.003741","$79.5","$0.03","-$0.05"
"2025-11-08 17:17:03","HYPE","Close Long","Fulfill Taker","9.37 HYPE","39.924","$374.09","$0.15","-$1.65"
"2025-11-08 17:17:02","ETH","Close Long","Fulfill Taker","0.12 ETH","3,382.9","$405.95","$0.16","+$0.88"
"2025-11-08 17:17:01","ASTER","Close Long","Fulfill Taker","210.17 ASTER","1.02431","$215.28","$0.09","+$0.11"
"2025-11-08 17:17:01","BNB","Close Long","Fulfill Taker","0.28 BNB","997.88","$279.41","$0.11","+$0.88"
"2025-11-08 17:17:00","ZEC","Close Long","Fulfill Taker","0.84 ZEC","575.06","$483.05","$0.19","+$2.02"
"2025-11-08 16:39:41","ETH","Open Long","Fulfill Taker","0.02 ETH","3,380.5","$67.61","$0.03","-$0.03"
"2025-11-08 16:37:36","HYPE","Open Long","Fulfill Taker","1.87 HYPE","40.08","$74.95","$0.03","-$0.03"
"2025-11-08 16:37:36","ETH","Open Long","Fulfill Taker","0.02 ETH","3,375","$67.5","$0.03","-$0.03"
"2025-11-08 16:36:34","ASTER","Open Long","Fulfill Taker","52.49 ASTER","1.02422","$53.76","$0.02","-$0.02"
"2025-11-08 16:36:34","BNB","Open Long","Fulfill Taker","0.07 BNB","994.8","$69.64","$0.03","-$0.03"
"2025-11-08 16:36:33","ZEC","Open Long","Fulfill Taker","0.14 ZEC","568.67","$79.61","$0.03","-$0.03"
"2025-11-08 16:36:33","HYPE","Open Long","Fulfill Taker","1.87 HYPE","40.127","$75.04","$0.03","-$0.03"
"2025-11-08 16:36:32","ETH","Open Long","Fulfill Taker","0.02 ETH","3,374.9","$67.5","$0.03","-$0.03"
"2025-11-08 16:35:31","ASTER","Open Long","Fulfill Taker","52.57 ASTER","1.02292","$53.77","$0.02","-$0.02"
"2025-11-08 16:35:31","PUMP","Open Long","Fulfill Taker","9443 PUMP","0.003742","$35.34","$0.01","-$0.01"
"2025-11-08 16:35:31","PUMP","Open Long","Fulfill Taker","11808 PUMP","0.003742","$44.19","$0.02","-$0.02"
"2025-11-08 16:35:30","BNB","Open Long","Fulfill Taker","0.07 BNB","993.99","$69.58","$0.03","-$0.03"
"2025-11-08 16:35:30","ZEC","Open Long","Fulfill Taker","0.14 ZEC","572.26","$80.12","$0.03","-$0.03"
"2025-11-08 16:35:30","HYPE","Open Long","Fulfill Taker","1.87 HYPE","40.068","$74.93","$0.03","-$0.03"
"2025-11-08 16:35:29","ETH","Open Long","Fulfill Taker","0.02 ETH","3,371.9","$67.44","$0.03","-$0.03"
"2025-11-08 16:34:28","ASTER","Open Long","Fulfill Taker","52.55 ASTER","1.02291","$53.75","$0.02","-$0.02"
"2025-11-08 16:34:27","BNB","Open Long","Fulfill Taker","0.07 BNB","993.93","$69.58","$0.03","-$0.03"
"2025-11-08 16:34:27","ZEC","Open Long","Fulfill Taker","0.14 ZEC","560.21","$78.43","$0.03","-$0.03"
"2025-11-08 16:34:26","HYPE","Open Long","Fulfill Taker","1.88 HYPE","40.085","$75.36","$0.03","-$0.03"
"2025-11-08 16:34:26","ETH","Open Long","Fulfill Taker","0.02 ETH","3,371.1","$67.42","$0.03","-$0.03"
"2025-11-08 16:33:25","ASTER","Open Long","Fulfill Taker","52.56 ASTER","1.02354","$53.8","$0.02","-$0.02"
"2025-11-08 16:33:24","BNB","Open Long","Fulfill Taker","0.07 BNB","994.69","$69.63","$0.03","-$0.03"
"2025-11-08 16:33:24","ZEC","Open Long","Fulfill Taker","0.14 ZEC","573.78","$80.33","$0.03","-$0.03"
"2025-11-08 16:33:23","HYPE","Open Long","Fulfill Taker","1.88 HYPE","40.059","$75.31","$0.03","-$0.03"
"2025-11-08 16:33:23","ETH","Open Long","Fulfill Taker","0.02 ETH","3,372","$67.44","$0.03","-$0.03"
"2025-11-08 16:32:53","ZEC","Open Long","Fulfill Taker","0.14 ZEC","577.74","$80.88","$0.03","-$0.03"
"2025-11-08 16:31:52","ZEC","Open Long","Fulfill Taker","0.14 ZEC","581.91","$81.47","$0.03","-$0.03"
"2025-11-07 23:51:48","ASTER","Close Short","Fulfill Taker","427.76 ASTER","1.11154","$475.47","$0.19","+$0.88"
"2025-11-07 22:46:01","ASTER","Open Short","Fulfill Taker","71.49 ASTER","1.11158","$79.47","$0.03","-$0.03"
"2025-11-07 22:45:11","ASTER","Open Short","Fulfill Taker","71.46 ASTER","1.11135","$79.42","$0.03","-$0.03"
"2025-11-07 22:44:10","ASTER","Open Short","Fulfill Taker","71.33 ASTER","1.11379","$79.45","$0.03","-$0.03"
"2025-11-07 22:43:19","ASTER","Open Short","Fulfill Taker","71.21 ASTER","1.11425","$79.35","$0.03","-$0.03"
"2025-11-07 22:42:18","ASTER","Open Short","Fulfill Taker","71.2 ASTER","1.11644","$79.49","$0.03","-$0.03"
"2025-11-07 22:41:18","ASTER","Open Short","Fulfill Taker","71.07 ASTER","1.11681","$79.37","$0.03","-$0.03"